{"cameraMode":{"drawMode":0,"name":"Shaded","section":"Shading Mode"},"sceneLighting":false,"audioPlay":false,"sceneViewState":{"showFog":true,"showMaterialUpdate":false,"showSkybox":false,"showFlares":true,"showImageEffects":true,"showParticleSystems":true},"in2DMode":false,"pivot":{"x":1.5200002193450928,"y":0.49500012397766116,"z":13.96500015258789},"rotation":{"x":0.1232752874493599,"y":-0.7261528372764587,"z":0.13506357371807099,"w":0.6627714037895203},"size":23.15379524230957,"orthographic":false}