{"cameraMode":{"drawMode":0,"name":"Shaded","section":"Shading Mode"},"sceneLighting":false,"audioPlay":false,"sceneViewState":{"showFog":true,"showMaterialUpdate":false,"showSkybox":false,"showFlares":true,"showImageEffects":true,"showParticleSystems":true},"in2DMode":false,"pivot":{"x":1.5900001525878907,"y":0.5199999809265137,"z":16.399999618530275},"rotation":{"x":0.1232752874493599,"y":-0.7261528372764587,"z":0.13506357371807099,"w":0.6627714037895203},"size":29.21181869506836,"orthographic":false}