{"cameraMode":{"drawMode":0,"name":"Shaded","section":"Shading Mode"},"sceneLighting":false,"audioPlay":false,"sceneViewState":{"showFog":true,"showMaterialUpdate":false,"showSkybox":false,"showFlares":true,"showImageEffects":true,"showParticleSystems":true},"in2DMode":false,"pivot":{"x":-1.9769757986068726,"y":2.0046474933624269,"z":4.684813976287842},"rotation":{"x":0.08567546308040619,"y":-0.11877172440290451,"z":0.010289376601576805,"w":0.9891761541366577},"size":5.184056282043457,"orthographic":false}