{"cameraMode":{"drawMode":0,"name":"Shaded","section":"Shading Mode"},"sceneLighting":false,"audioPlay":false,"sceneViewState":{"showFog":true,"showMaterialUpdate":false,"showSkybox":false,"showFlares":true,"showImageEffects":true,"showParticleSystems":true},"in2DMode":false,"pivot":{"x":-32.418025970458987,"y":1.5140814781188965,"z":3.801490545272827},"rotation":{"x":-0.05669330433011055,"y":0.9081254005432129,"z":-0.130752295255661,"w":-0.3937295079231262},"size":9.464275360107422,"orthographic":false}