{"cameraMode":{"drawMode":0,"name":"Shaded","section":"Shading Mode"},"sceneLighting":false,"audioPlay":false,"sceneViewState":{"showFog":true,"showMaterialUpdate":false,"showSkybox":false,"showFlares":true,"showImageEffects":true,"showParticleSystems":true},"in2DMode":false,"pivot":{"x":-5.449999809265137,"y":3.570455551147461,"z":-13.25999927520752},"rotation":{"x":-0.18992413580417634,"y":0.7347679138183594,"z":-0.2289005070924759,"w":-0.6096509695053101},"size":4.704625606536865,"orthographic":false}