{"cameraMode":{"drawMode":0,"name":"Shaded","section":"Shading Mode"},"sceneLighting":false,"audioPlay":false,"sceneViewState":{"showFog":true,"showMaterialUpdate":false,"showSkybox":false,"showFlares":true,"showImageEffects":true,"showParticleSystems":true},"in2DMode":false,"pivot":{"x":-24.399999618530275,"y":1.7881393432617188e-7,"z":10.600000381469727},"rotation":{"x":-0.11806976795196533,"y":0.8796249032020569,"z":-0.29003390669822695,"w":-0.35808447003364565},"size":29.559555053710939,"orthographic":false}