{"cameraMode":{"drawMode":0,"name":"Shaded","section":"Shading Mode"},"sceneLighting":false,"audioPlay":false,"sceneViewState":{"showFog":true,"showMaterialUpdate":false,"showSkybox":false,"showFlares":true,"showImageEffects":true,"showParticleSystems":true},"in2DMode":false,"pivot":{"x":0.9400005340576172,"y":0.5550000071525574,"z":-14.82499885559082},"rotation":{"x":-0.17599155008792878,"y":-0.6867770552635193,"z":0.17705518007278443,"w":-0.6826634407043457},"size":23.15138053894043,"orthographic":false}